{
    "home": {
        "welcomeMessage": "Welcome to My Website!",
        "introText": "This is a sample website created for Web Programming II lab."
    },
    "gallery": [
        {
            "title": "Image 1",
            "src": "images/image1.jpg",
            "description": "Description for Image 1"
        },
        {
            "title": "Image 2",
            "src": "images/image2.jpg",
            "description": "Description for Image 2"
        },
        {
            "title": "Image 3",
            "src": "images/image3.jpg",
            "description": "Description for Image 3"
        }
    ]
}
